Sl No,Cabin Number,Coordinates,Background Color,Suite Label
1,8137,"83, 386",#a7887a,SP Suite
2,613,"83, 494",#ba9c8d,Unknown
3,5189,"84, 738",#afc8ca,P1 Balcony
4,6384,"219, 740",#95a9ab,Unknown
5,6391,"219, 755",#adc5c7,Unknown
6,6193,"84, 769",#afc9ca,Unknown
7,6392,"219, 768",#96aaac,Unknown
8,6393,"219, 782",#95a9ab,Unknown
9,6399,"219, 810",#94a8a9,Unknown
10,0,"270, 824",#ca5f73,Unknown
11,2,"34, 890",#3092a6,Unknown
12,52425,"36, 1102",#7e6c99,Unknown
13,384267,"269, 1106",#83729d,Unknown
14,1,"236, 1116",#b4b3b3,Unknown
15,6640,"266, 1145",#6c588b,Unknown
16,1,"236, 1164",#bdbcbd,Unknown
17,2,"200, 1246",#bab9b8,Unknown
18,1,"153, 1362",#adacac,Unknown
19,1,"75, 1492",#adacac,Unknown
20,1,"86, 1490",#bbbaba,Unknown
21,01,"224, 1501",#c5c4c4,Unknown
22,68,"35, 713",#3093a7,Unknown
